Stationsnavn;Operatør;Jan;Feb;Mar;Apr;Maj;Jun;Jul;Aug;Sep;Okt;Nov;Dec;Total
Alken;Arriva;842;749;914;854;1.018;1.174;777;1.128;1.165;1.031;1.000;915;11.567
Amstrup;Midtjyske Jernbaner;;;;;;;;;;;;;0
Arden;DSB FR;3.421;2.770;3.118;3.144;3.259;2.628;1.883;3.140;3.201;3.255;3.377;3.075;36.271
Armose;Midtjyske Jernbaner;;;;;;;;;;;;;0
Aulum;DSB FR;1.326;1.531;1.729;1.550;1.442;1.131;474;674;1.898;1.860;1.842;1.702;17.159
Baunhøj;Arriva;618;548;715;516;687;482;326;653;702;558;607;442;6.854
Bedsted Thy;Arriva;1.095;979;1.193;945;1.131;1.131;831;1.350;1.180;1.082;1.300;920;13.137
Bedsted Thy;DSB FR;;;;;;;;;;;;;0
Billum;Arriva;544;494;688;478;550;474;418;707;771;627;715;515;6.981
Birk Centerpark;Arriva;1.578;1.889;2.107;1.340;1.570;1.183;494;1.211;2.614;2.353;2.596;1.503;20.438
Bjerringbro;Arriva;8.987;8.423;10.292;8.125;9.185;8.633;5.835;9.444;10.346;9.902;10.314;8.272;107.758
Bonnet;Midtjyske Jernbaner;;;;;;;;;;;;;0
Bording;Arriva;2.353;2.204;2.466;2.456;2.640;2.757;2.216;2.818;2.868;2.455;2.377;2.042;29.652
Borris;Arriva;836;844;967;918;780;772;595;932;830;826;825;791;9.916
Borup;DSB FR;15.022;14.170;15.677;14.932;16.783;17.994;14.008;17.299;18.954;19.019;18.950;15.655;198.463
Boulevarden;Arriva;430;415;463;458;432;378;327;547;494;505;571;526;5.546
Bramming;Arriva;8.897;8.827;10.943;10.655;11.742;10.378;8.340;12.051;13.179;12.383;12.117;9.510;129.022
Bramming;DSB FR;11.322;10.003;11.155;12.137;12.240;10.770;9.487;12.111;13.790;12.688;12.222;10.351;138.276
Brande;Arriva;5.034;4.712;5.561;4.633;4.843;4.672;3.428;5.335;5.428;4.481;4.751;3.933;56.811
Brande;DSB FR;2.723;2.884;3.130;2.825;2.752;2.352;1.315;1.841;3.192;3.316;3.150;2.983;32.463
Bred;DSB FR;609;303;339;455;520;427;374;462;449;498;438;346;5.220
Bredebro;Arriva;2.499;2.000;2.611;2.057;2.461;2.290;1.339;2.727;2.781;2.447;2.620;1.974;27.806
Brejning;DSB FR;4.833;4.458;4.188;4.430;4.452;3.636;3.049;4.837;3.036;4.899;4.418;3.343;49.579
Brødeskov;Lokaltog;1.943;1.554;2.456;1.429;1.879;1.350;1.073;1.284;1.618;1.496;1.703;1.570;19.355
Brønderslev;DSB FR;;;;;;;;;;;;;0
Brønderslev;Nordjyske Jernbaner;19.715;18.855;21.590;19.936;21.011;19.310;15.324;21.228;24.435;19.270;22.595;19.067;242.336
Brøns;Arriva;1.016;908;1.082;829;1.109;1.096;578;1.283;1.363;1.069;1.408;956;12.697
Brørup;DSB FR;4.320;4.239;4.105;4.752;4.516;3.695;4.132;5.430;4.932;5.501;4.737;4.180;54.539
Bunken;Nordjyske Jernbaner;121;79;97;298;258;367;921;504;253;173;196;87;3.354
Bur;Arriva;;;;;;;;;;;;;0
Bækmarksbro;Midtjyske Jernbaner;;;;;;;;;;;;;0
Børkop;DSB FR;6.212;5.583;5.659;6.135;6.350;5.785;4.802;6.369;4.150;5.835;5.667;4.884;67.431
Dyreby;Arriva;28;21;33;21;33;26;13;37;42;37;47;41;379
Døstrup Sdj;Arriva;614;529;637;524;588;577;471;767;657;563;576;484;6.987
Ejby;DSB FR;5.702;4.196;4.185;4.845;4.545;3.626;2.875;5.699;4.303;5.472;4.563;4.015;54.026
Emmersbæk;Nordjyske Jernbaner;2.903;2.566;3.026;2.716;2.868;2.807;2.392;3.021;3.266;2.852;3.146;2.751;34.314
Engesvang;Arriva;2.743;2.581;2.947;2.549;2.803;2.640;1.892;3.102;3.374;3.033;3.310;2.705;33.679
Esbjerg;Arriva;24.586;24.200;27.554;26.304;28.856;24.741;27.386;31.989;33.183;27.922;28.201;25.970;330.892
Esbjerg;DSB FR;38.476;33.957;36.735;37.513;37.394;34.779;36.444;43.322;38.863;41.690;37.601;31.735;448.509
Eskilstrup;DSB FR;3.318;2.807;2.932;2.977;2.749;2.672;2.410;3.124;2.892;2.989;2.753;2.230;33.853
Espergærde;DSB FR;40.794;38.012;44.318;43.139;48.279;48.296;41.695;50.153;50.514;47.081;45.747;39.320;537.348
Fredericia;DSB FR;227.409;183.525;187.171;213.625;222.444;234.905;236.617;284.335;238.587;251.282;221.999;184.699;2.686.598
Frederikshavn;DSB FR;;;;;;;;;;;;;0
Frederikshavn;Nordjyske Jernbaner;23.257;20.795;24.241;22.612;26.054;25.207;31.174;29.825;27.109;24.040;24.233;21.200;299.747
Frederikshavnsvej;Nordjyske Jernbaner;3.237;3.268;3.714;3.251;3.656;3.653;4.171;4.246;4.089;3.564;3.609;2.954;43.412
Frisvadvej;Arriva;1.697;1.212;1.867;1.209;1.200;540;419;1.649;2.218;1.566;2.000;1.283;16.860
Fruens Bøge;Arriva;1.954;2.192;2.591;2.258;2.708;3.438;2.374;3.139;3.023;2.541;2.510;2.050;30.778
Fruens Bøge;DSB FR;;;;;;;;;;;;;0
Fåre;Midtjyske Jernbaner;;;;;;;;;;;;;0
Gelsted;DSB FR;3.493;2.739;2.875;3.080;3.234;2.448;2.253;4.237;3.228;3.851;2.952;2.407;36.797
Give;Arriva;4.519;3.955;4.815;4.544;4.707;4.377;3.286;5.194;5.449;4.888;4.969;4.365;55.068
Give;DSB FR;1.794;1.644;1.851;1.800;2.028;1.520;843;1.490;1.832;1.862;1.729;1.582;19.975
Gjesing;Arriva;3.749;3.644;4.075;3.520;3.683;2.786;2.969;4.076;4.136;3.740;4.365;3.602;44.345
Glumsø;DSB FR;9.043;8.031;7.054;8.255;7.897;7.010;5.847;8.978;8.277;9.744;8.491;6.560;95.187
Gredstedbro;Arriva;1.990;1.716;2.204;1.745;2.187;1.902;1.238;2.301;2.676;2.228;2.516;1.973;24.676
Gråsten;DSB FR;2.360;2.157;2.117;2.510;2.934;2.603;2.487;2.786;2.852;2.889;2.298;2.052;30.045
Guldager;Arriva;744;765;964;815;871;802;756;862;874;812;916;879;10.060
Gødstrup;Arriva;4.280;4.088;4.917;3.669;4.476;4.171;2.876;3.800;4.232;4.429;4.642;3.403;48.983
Gødstrup;DSB FR;;;;;;0;;;;;;;0
Gørding;DSB FR;1.979;1.859;2.128;1.949;2.097;1.971;1.537;2.235;2.111;2.062;1.954;1.862;23.744
Gårde;Arriva;499;401;533;410;437;314;219;460;590;541;589;447;5.440
Hadsten;Arriva;7.854;7.411;8.422;7.122;8.076;8.043;4.742;8.622;9.557;8.864;9.795;8.149;96.657
Hadsten;DSB FR;3.693;3.296;3.627;3.611;3.858;2.855;2.335;3.033;3.869;3.946;4.120;3.525;41.768
Hammerum;Arriva;1.558;1.570;1.840;1.840;2.004;1.947;1.611;2.127;2.148;2.007;2.124;2.091;22.867
Harboøre;Midtjyske Jernbaner;;;;;;;;;;;;;0
Haslev;DSB FR;34.892;27.359;27.830;33.225;32.315;28.576;33.379;38.506;34.735;40.801;32.918;29.422;393.958
Hedehusene;DSB FR;25.568;25.576;28.350;24.342;28.859;31.128;23.809;31.128;33.696;33.495;32.933;27.818;346.702
Hedensted;DSB FR;21.059;11.519;9.753;16.721;10.108;8.638;15.836;17.244;9.940;19.608;12.408;11.037;163.871
Hee;Arriva;;;;;;;;;;;;;0
Hellerup;DSB FR;95.896;88.350;99.556;106.047;112.193;105.348;96.429;114.827;116.345;110.988;104.656;86.063;1.236.698
Helsingør;DSB FR;69.878;66.251;76.948;78.223;86.302;84.481;75.748;88.656;89.112;81.809;80.438;69.249;947.095
Henne;Arriva;516;468;571;427;529;425;471;454;475;400;392;381;5.509
Herfølge;DSB FR;5.791;5.647;6.266;5.570;7.033;7.556;6.097;7.321;7.924;7.710;7.826;6.539;81.280
Herning;Arriva;38.404;38.315;43.218;40.023;42.138;38.936;34.952;44.009;45.140;43.670;43.385;38.696;490.886
Herning;DSB FR;14.720;14.016;15.357;14.321;14.825;12.005;8.139;10.660;17.438;17.010;16.366;16.039;170.896
Herning Messecenter;Arriva;230;441;354;307;323;257;227;391;270;468;305;408;3.981
Herregårdsparken;Nordjyske Jernbaner;1.047;992;1.141;969;1.124;1.089;930;1.042;1.109;1.017;1.078;1.074;12.612
Hillerød;Lokaltog;120.023;101.484;125.004;121.608;140.519;139.719;136.823;144.575;139.810;138.871;136.587;114.382;1.559.405
Himlingøje;Lokaltog;351;374;458;405;487;370;232;419;1.230;342;288;249;5.205
Hinnerup;Arriva;9.564;9.009;9.981;8.854;9.947;10.120;6.894;10.986;11.599;10.554;11.989;10.328;119.825
Hinnerup;DSB FR;883;725;658;656;773;694;458;780;932;712;634;542;8.447
Hirtshals;Nordjyske Jernbaner;7.066;6.387;7.408;7.639;9.714;9.292;10.642;11.152;9.754;7.397;7.564;6.556;100.571
Hjallese;Arriva;5.537;6.068;7.404;6.283;6.332;7.983;5.136;6.541;8.040;6.947;7.650;6.751;80.672
Hjallese;DSB FR;;;;;;;;;;;;;0
Hjerm;Arriva;1.352;1.231;1.454;1.128;1.295;1.201;782;1.398;1.528;1.270;1.315;1.178;15.132
Hjerm;DSB FR;74;33;48;54;52;78;38;47;46;66;44;102;682
Hjørring;DSB FR;;;;;;;;;;;;;0
Hjørring;Nordjyske Jernbaner;46.825;44.518;51.970;47.337;51.626;47.934;46.624;52.177;56.874;47.085;52.113;44.844;589.927
Hjørring Øst;Nordjyske Jernbaner;7.564;6.968;8.823;6.494;6.892;5.826;5.650;7.162;8.871;7.448;8.150;6.031;85.879
Hobro;DSB FR;18.257;15.587;16.807;17.733;18.478;15.330;12.260;17.827;19.154;19.413;17.932;17.640;206.418
Holbæk;DSB FR;87.387;76.071;79.067;90.053;86.400;77.378;80.295;97.947;89.887;95.129;81.089;71.809;1.012.512
Holme-Olstrup;DSB FR;2.376;2.123;2.057;2.510;2.784;3.402;4.316;3.969;3.281;3.084;2.714;2.067;34.683
Holmstrup;DSB FR;610;628;503;577;573;391;398;562;496;628;510;426;6.302
Holstebro;Arriva;15.016;15.026;16.644;14.488;15.369;15.010;12.582;16.319;17.060;15.945;16.929;13.687;184.075
Holstebro;DSB FR;9.528;9.778;10.737;9.969;10.136;8.731;5.846;7.215;12.662;11.988;11.306;10.856;118.752
Holsted;DSB FR;3.599;3.156;3.761;3.506;3.320;3.179;3.213;3.574;3.174;3.641;3.146;2.869;40.138
Horne;Nordjyske Jernbaner;1.111;1.020;1.114;1.114;1.334;1.135;864;1.068;1.319;1.043;1.170;948;13.240
Horsens;DSB FR;65.518;55.013;58.359;61.570;63.234;53.700;54.767;69.738;56.190;65.607;57.323;49.007;710.026
Hulsig;Nordjyske Jernbaner;451;649;828;1.262;1.991;2.608;4.374;2.921;2.987;1.103;654;476;20.304
Humlebæk;DSB FR;54.369;51.102;59.359;58.409;65.527;64.819;56.375;67.150;67.760;62.871;61.118;52.632;721.491
Humlum;Arriva;667;567;726;682;765;675;644;926;1.132;616;1.069;888;9.357
Humlum;DSB FR;;;;;;;;;;;;;0
Hurup Thy;Arriva;2.190;2.200;2.545;2.310;2.337;2.087;2.072;2.386;2.323;2.097;2.327;2.091;26.965
Hurup Thy;DSB FR;;;;;;;;;;;;;0
Hvalsø;DSB FR;22.943;22.480;25.695;21.820;26.749;29.096;22.479;28.326;29.970;30.010;30.980;25.640;316.188
Hvidbjerg;Arriva;2.015;1.672;2.262;1.717;1.968;1.738;989;2.001;2.299;1.817;2.194;1.697;22.369
Hvidbjerg;DSB FR;;;;;;;;;;;;;0
Hviding;Arriva;3.238;2.870;3.345;2.633;3.096;3.158;2.244;3.258;3.402;3.827;4.705;3.582;39.358
Hyllerslev;Arriva;38;22;24;37;43;43;33;34;17;11;16;16;334
Højby;Arriva;2.216;2.295;2.738;2.456;2.429;2.993;1.950;2.566;2.818;2.533;2.823;2.703;30.520
Højby;DSB FR;;;;;;;;;;;;;0
Høje Taastrup;DSB FR;169.069;161.654;179.905;160.834;186.610;192.189;153.224;194.658;207.047;210.255;205.385;170.700;2.191.530
Højslev;Arriva;1.584;1.476;1.574;1.614;1.715;1.786;1.369;1.591;1.673;1.508;1.735;1.618;19.243
Hørdum;Arriva;433;456;502;446;454;425;417;476;455;439;499;448;5.450
Hørdum;DSB FR;;;;;;;;;;;;;0
Hørning;Arriva;6.850;6.270;8.216;6.833;7.686;7.982;5.161;7.810;7.945;7.410;8.037;6.667;86.867
Ikast;Arriva;6.447;6.372;7.410;6.978;7.468;7.320;5.014;7.515;8.083;7.524;7.456;6.529;84.116
Janderup;Arriva;754;634;853;602;776;564;456;825;909;670;813;630;8.486
Jegum;Arriva;138;135;121;122;135;98;162;119;137;131;133;122;1.553
Jelling;Arriva;3.420;3.363;3.891;3.713;5.115;3.841;3.043;4.262;4.489;3.943;4.124;3.437;46.641
Jelling;DSB FR;1.729;1.707;1.832;1.957;2.341;1.712;1.042;1.787;1.866;1.953;1.637;1.464;21.027
Jerne;Arriva;3.003;3.100;3.878;3.049;3.404;3.148;2.446;3.146;3.810;3.225;3.809;3.122;39.140
Jerne;DSB FR;;;;;;;;;;;;;0
Jerup;Nordjyske Jernbaner;1.368;1.185;1.414;1.410;1.465;1.500;1.697;1.926;1.732;1.514;1.439;1.302;17.952
Jyderup;DSB FR;12.645;11.585;11.869;12.755;11.978;11.110;11.236;13.685;12.875;13.711;11.706;9.914;145.069
Kalundborg;DSB FR;16.545;14.951;15.727;18.459;18.041;16.334;17.913;19.616;19.154;19.525;17.573;15.005;208.843
Kalundborg Øst;DSB FR;3.371;2.947;3.531;3.157;3.261;3.206;2.733;3.669;3.910;4.077;4.088;3.140;41.090
Kauslunde;DSB FR;492;494;414;474;465;394;462;473;440;572;381;329;5.390
Kibæk;Arriva;1.735;1.667;2.022;1.768;1.526;1.649;1.650;2.323;2.356;2.188;2.408;1.880;23.172
Klampenborg;DSB FR;14.704;14.309;16.143;20.246;20.321;19.490;20.756;20.322;19.229;17.699;17.000;14.131;214.350
Klinkby;Midtjyske Jernbaner;;;;;;;;;;;;;0
Kliplev;DSB FR;822;814;861;877;1.327;995;672;788;908;769;704;746;10.283
Knabstrup;DSB FR;2.431;2.137;2.318;2.293;2.399;2.315;2.437;2.706;2.782;2.752;2.415;2.084;29.069
Kokkedal;DSB FR;63.308;59.110;68.568;67.188;75.542;76.813;66.407;78.268;78.313;72.802;70.862;60.584;837.765
Kolding;DSB FR;88.676;72.452;71.055;89.988;88.919;101.668;107.686;134.065;98.724;99.631;89.531;81.505;1.123.900
Korsør;DSB FR;28.452;24.847;24.601;25.365;24.878;22.927;21.371;29.893;25.914;29.379;24.617;21.042;303.286
Kvissel;DSB FR;;;;;;;;;;;;;0
Kvissel;Nordjyske Jernbaner;1.088;940;1.226;958;1.082;1.036;1.002;1.256;1.391;1.117;1.305;1.262;13.663
Kvægtorvet;DSB FR;;;;;;;;;;;;;0
Kvægtorvet;Nordjyske Jernbaner;855;800;890;701;976;902;668;934;885;843;849;734;10.037
Kværndrup;Arriva;3.048;3.080;3.464;3.210;3.472;5.970;2.646;3.779;4.129;3.180;3.155;2.606;41.739
Kværndrup;DSB FR;;;;;;;;;;;;;0
København H;DSB FR;954.834;866.148;961.395;945.965;1.058.342;1.048.336;942.631;1.123.657;1.136.709;1.141.531;1.076.491;886.017;12.142.056
København Syd;DSB FR;18.053;16.250;17.098;14.553;17.790;18.502;17.173;19.539;18.992;17.621;18.689;16.231;210.491
CPH Lufthavn;DSB FR;65.990;59.972;66.023;61.222;66.884;68.581;67.310;73.091;74.079;77.192;69.210;59.911;809.465
Køge;DSB FR;47.618;41.484;42.252;32.962;32.997;31.661;34.429;39.174;38.057;43.171;36.103;30.858;450.766
Køge Nord;DSB FR;37.119;32.023;30.510;32.269;34.291;33.647;32.526;39.311;38.288;42.635;39.098;32.801;424.518
Langeskov;DSB FR;7.722;6.292;6.215;4.872;4.503;3.227;2.662;6.533;6.284;6.940;5.824;4.981;66.055
Langå;Arriva;5.971;5.837;6.804;6.816;7.285;6.939;5.933;6.939;7.664;7.144;7.250;6.432;81.014
Langå;DSB FR;8.209;6.814;7.639;7.751;7.869;7.869;6.777;8.170;9.708;9.027;9.602;10.579;100.014
Laven;Arriva;1.036;928;1.104;1.109;1.318;1.667;1.280;1.546;1.479;1.050;1.127;1.047;14.691
Lejre;DSB FR;16.010;15.696;17.863;14.945;18.787;21.122;15.827;19.492;21.282;21.062;21.102;17.850;221.038
Lem;Arriva;;;;;;;;;;;;;0
Lemvig;Midtjyske Jernbaner;;;;;;;;;;;;;0
Lilleheden;Nordjyske Jernbaner;2.928;2.897;3.440;2.928;3.197;3.358;3.286;3.578;3.611;3.312;3.297;2.388;38.220
Lindholm;DSB FR;2.499;2.140;2.410;2.224;2.620;2.590;2.423;2.765;2.829;2.512;2.612;2.620;30.244
Lindholm;Nordjyske Jernbaner;8.282;8.155;9.415;8.147;9.152;9.188;7.710;9.072;10.385;9.181;9.884;9.210;107.781
Lundby;DSB FR;3.209;2.983;2.909;3.173;3.161;3.097;2.577;3.851;3.169;3.106;3.700;2.763;37.698
Lunde;Arriva;1.038;735;1.092;821;997;779;346;816;1.055;781;981;666;10.107
Lunderskov;DSB FR;12.377;10.679;11.021;13.044;13.100;13.260;12.752;15.224;13.647;13.695;13.028;11.265;153.092
Lyngs;Arriva;328;369;410;397;515;446;279;331;472;312;383;280;4.522
Lyngs;DSB FR;;;;;;;;;;;;;0
Løftgård;Arriva;95;74;91;55;111;78;24;86;119;87;127;96;1.043
Maribo;Lokaltog;15.878;14.162;17.716;15.936;17.050;17.438;15.069;18.610;18.511;17.803;17.242;14.370;199.785
Middelfart;DSB FR;52.830;42.514;44.219;47.389;47.487;40.027;37.030;55.961;46.996;54.039;47.054;35.287;550.833
Mørkøv;DSB FR;7.151;6.264;6.581;6.874;6.506;5.759;5.086;6.720;7.727;6.731;6.736;5.169;77.304
Napstjært;DSB FR;;;;;;;;;;;;;0
Napstjært;Nordjyske Jernbaner;57;53;69;86;147;173;239;108;67;86;91;65;1.241
Nejrup;Midtjyske Jernbaner;;;;;;;;;;;;;0
Niebüll;Arriva;2.875;2.858;2.880;4.737;4.585;5.424;7.423;8.149;6.459;5.488;600;;51.478
Nivå;DSB FR;26.906;25.096;28.895;28.447;32.444;34.258;30.105;34.180;33.436;30.928;30.099;26.063;360.857
Nyborg;DSB FR;67.629;56.986;58.990;63.262;72.415;55.784;52.355;70.847;64.955;72.712;63.297;47.496;746.728
Nykøbing F;DSB FR;36.182;33.177;33.468;37.694;38.065;33.776;38.930;43.171;39.512;39.273;37.423;33.923;444.594
Næstved;DSB FR;133.846;120.305;121.628;132.728;130.179;112.706;112.357;145.269;136.146;141.029;130.114;112.919;1.529.226
Næstved Nord;DSB FR;6.146;5.523;5.201;5.756;5.678;4.811;5.210;6.535;6.375;6.387;6.195;4.739;68.556
Nørre Alslev;DSB FR;7.185;6.128;6.582;6.743;6.667;6.005;5.291;7.180;7.025;6.831;6.909;5.643;78.189
Nørre Nebel;Arriva;2.892;2.311;3.155;2.463;2.888;2.274;1.832;2.911;2.954;2.602;2.903;2.281;31.466
Nørre Aaby;DSB FR;6.334;5.419;5.020;5.787;5.463;4.738;3.195;6.501;5.740;5.834;6.546;4.604;65.181
Nørreport;DSB FR;264.411;253.507;289.747;264.388;308.831;319.306;265.348;318.825;335.628;324.304;319.647;271.570;3.535.512
Oddesund Nord;Arriva;26;34;25;36;70;70;51;132;81;54;42;34;655
Oddesund Nord;DSB FR;;;;;;;;;;;;;0
Odense;Arriva;38.329;40.894;46.934;40.167;40.129;47.768;38.053;46.206;49.206;44.876;45.797;40.941;519.300
Odense;DSB FR;323.288;276.385;289.847;296.284;295.217;250.669;224.024;328.752;304.351;338.705;298.932;234.691;3.461.145
Odense Sygehus;Arriva;8.077;8.230;9.760;7.673;8.119;11.253;6.287;7.655;8.957;8.389;9.102;6.962;100.464
Odense Sygehus;DSB FR;;;;;;;;;;;;;0
Oksbøl;Arriva;2.478;2.440;2.881;2.610;3.010;2.354;2.113;3.407;3.553;2.699;2.970;2.076;32.591
Orehoved;DSB FR;22;0;24;0;;;;22;23;22;0;1;114
Outrup;Arriva;1.425;1.181;1.541;1.140;1.389;1.044;600;1.405;1.532;1.280;1.584;1.100;15.221
Padborg;DSB FR;1.825;1.870;3.480;2.662;2.839;2.701;2.398;2.928;4.531;2.913;2.874;2.751;33.772
Pederstrup;Arriva;747;744;941;891;772;857;545;786;883;758;783;762;9.469
Pederstrup;DSB FR;;;;;;;;;;;;;0
Puttgarden;DSB FR;;;;;;;;;;;;;0
Pårup;Lokaltog;163;201;239;205;211;329;167;250;263;187;220;220;2.655
Ramme;Midtjyske Jernbaner;;;;;;;;;;;;;0
Randers;DSB FR;32.771;29.566;33.278;34.692;33.810;28.536;27.423;32.851;35.880;38.219;33.735;31.320;392.081
Ravnholm;Lokaltog;6.868;6.518;7.721;6.013;6.742;6.850;4.879;6.056;5.721;5.593;5.951;4.592;73.504
Regstrup;DSB FR;4.311;3.686;4.115;4.078;4.335;3.766;3.401;4.732;4.514;4.659;3.774;3.367;48.738
Rejsby;Arriva;969;656;1.064;750;1.112;1.085;359;562;831;796;909;643;9.736
Ribe;Arriva;9.339;8.759;10.755;9.725;11.537;10.467;8.679;12.962;13.759;11.696;13.390;10.123;131.191
Ribe Nørremark;Arriva;2.351;2.101;2.582;2.156;2.615;2.623;1.635;2.755;3.260;2.621;2.792;2.315;29.806
Rimmen;Nordjyske Jernbaner;213;191;179;267;313;382;702;423;286;233;202;192;3.583
Ringe;Arriva;16.558;16.368;19.683;16.907;17.657;17.348;11.799;19.027;20.090;18.200;19.465;14.905;208.007
Ringe;DSB FR;;;;;;;;;;;;;0
Ringkøbing;Arriva;;;;;;;;;;;;;0
Ringsted;DSB FR;160.384;135.982;137.931;154.933;149.281;129.331;124.700;167.058;153.394;169.859;149.092;122.033;1.753.978
Roskilde;DSB FR;274.656;253.021;277.181;258.846;289.902;305.013;248.339;310.086;321.413;333.743;317.044;270.348;3.459.592
Roskilde;Lokaltog;26.208;23.581;30.918;26.666;26.136;25.494;17.423;17.623;28.235;24.253;25.189;17.673;289.399
Rudme;Arriva;707;616;821;709;705;725;1.015;803;857;726;769;553;9.006
Rudme;DSB FR;;;;;;;;;;;;;0
Ruds Vedby;Lokaltog;2.984;2.935;3.330;2.933;3.510;3.288;2.349;3.811;3.870;3.610;3.262;3.008;38.890
Rungsted Kyst;DSB FR;17.551;16.178;18.667;18.418;20.385;20.149;17.379;21.356;21.310;20.172;19.423;16.470;227.458
Ry;Arriva;11.736;10.900;13.397;12.100;13.192;13.722;9.319;14.992;14.834;13.063;14.695;11.734;153.684
Ryde;Lokaltog;414;304;475;363;515;415;401;533;516;446;447;360;5.189
Rødby Færge;DSB FR;;;;;;;;;;;;;0
Rødekro;DSB FR;8.637;8.206;8.078;8.538;8.824;7.379;7.223;9.127;9.007;9.581;8.472;7.061;100.133
Rødkærsbro;Arriva;3.631;3.396;4.046;3.325;3.738;3.416;2.489;3.740;4.509;4.022;4.341;3.529;44.182
Rødvig;Lokaltog;5.258;4.560;5.216;5.281;5.981;6.437;4.590;5.514;4.279;4.142;4.227;3.056;58.541
Rønland;Midtjyske Jernbaner;;;;;;;;;;;;;0
Rønne;DSB FR;205;231;281;470;770;827;847;562;471;356;443;233;5.696
Sakskøbing;Lokaltog;9.288;7.113;9.099;7.296;8.582;8.126;7.050;8.555;10.202;11.350;10.017;8.400;105.078
Saltrup;Lokaltog;1.309;1.206;1.663;1.567;1.629;1.429;1.483;1.874;1.544;1.803;1.383;1.164;18.054
Saunte;Lokaltog;1.854;1.633;1.786;1.738;1.972;2.510;1.707;1.751;2.447;1.813;1.860;1.898;22.969
Sejstrup;Arriva;741;624;717;661;841;743;534;884;894;716;915;747;9.017
Sig;Arriva;932;901;1.016;975;1.051;785;747;960;1.086;960;889;753;11.055
Silkeborg;Arriva;22.866;22.780;26.682;23.841;25.908;27.126;20.789;28.673;29.873;27.024;28.616;24.554;308.732
Sindal;DSB FR;;;;;;;;;;;;;0
Sindal;Nordjyske Jernbaner;6.474;6.230;6.649;6.006;8.069;6.088;5.324;6.770;7.314;6.284;7.363;5.752;78.323
Sinkbæk;Midtjyske Jernbaner;;;;;;;;;;;;;0
Sjørring;Arriva;662;578;782;735;808;725;463;567;662;621;607;574;7.784
Sjørring;DSB FR;;;;;;;;;;;;;0
Skagen;Nordjyske Jernbaner;8.652;8.285;10.160;12.087;14.332;16.130;28.026;19.667;15.496;11.041;9.543;8.597;162.016
Skalbjerg;DSB FR;471;436;481;462;392;398;330;449;357;467;358;339;4.940
Skalborg;DSB FR;1.092;983;1.094;1.071;1.161;987;1.058;1.286;1.199;1.156;1.064;1.024;13.175
Skalborg;Nordjyske Jernbaner;888;801;903;778;849;883;646;851;857;934;1.042;795;10.227
Skanderborg;Arriva;15.119;15.070;18.087;16.431;19.223;19.464;15.121;20.786;23.097;18.654;19.324;17.454;217.830
Skanderborg;DSB FR;28.896;24.349;25.724;25.683;26.842;24.082;21.652;30.924;29.195;31.060;27.807;25.217;321.431
Skellebjerg;Lokaltog;504;410;495;481;542;626;385;624;669;604;589;497;6.426
Skibbild;Arriva;16;16;21;20;28;38;;;;;;;139
Skibstrup;Lokaltog;2.252;2.096;2.576;2.334;2.755;3.005;2.754;2.430;2.690;3.141;2.919;2.246;31.198
Skive;Arriva;9.642;9.200;10.317;10.565;10.664;10.824;9.910;11.232;11.496;11.237;10.787;10.889;126.763
Skjern;Arriva;7.349;7.048;7.721;7.243;6.658;6.110;7.153;8.486;9.200;8.078;7.803;7.484;90.333
Skodsborg;DSB FR;8.323;7.790;9.028;8.781;9.918;9.870;8.476;10.188;10.276;9.520;9.287;7.973;109.430
Skærbæk;Arriva;4.033;3.674;4.614;3.946;4.801;4.283;3.492;5.133;5.846;4.578;5.247;4.102;53.749
Skævinge;Lokaltog;9.800;8.061;10.458;7.740;10.157;8.374;6.160;11.056;11.524;8.833;10.202;7.848;110.213
Skørping;DSB FR;5.116;4.057;4.193;4.643;4.803;4.141;3.779;5.214;5.178;4.987;4.987;4.203;55.301
Skørping;Nordjyske Jernbaner;3.746;3.478;4.022;3.322;4.061;4.416;2.863;4.064;4.164;3.939;4.275;3.728;46.078
Slagelse;DSB FR;117.547;103.937;106.853;114.029;107.684;87.793;89.562;119.307;116.469;122.263;108.945;90.641;1.285.030
Slagelse;Lokaltog;9.430;8.505;10.599;8.474;9.180;9.343;7.967;14.275;16.016;10.564;9.190;8.885;122.428
Slotspavillonen;Lokaltog;4.582;3.874;4.704;3.746;4.605;4.207;3.666;4.725;4.465;6.142;4.872;4.813;54.401
Snedsted;Arriva;1.185;1.209;1.354;1.348;1.348;1.332;1.083;1.493;1.642;1.183;1.383;1.153;15.713
Snedsted;DSB FR;;;;;;;;;;;;;0
Snekkersten;DSB FR;17.226;16.017;18.675;18.268;20.531;20.519;17.732;21.318;21.592;20.018;19.389;16.621;227.906
Snekkersten;Lokaltog;6.024;5.006;6.755;5.399;5.638;5.990;3.892;6.105;7.404;5.912;6.493;5.217;69.835
Sommerland Sjælland;Lokaltog;0;0;0;104;1.071;2.668;3.814;2.037;525;0;0;0;10.219
Sorø;DSB FR;41.028;35.619;34.194;36.700;37.070;30.049;27.446;39.572;38.372;41.877;36.802;28.469;427.198
Spangsbjerg;Arriva;4.979;4.059;5.581;3.770;4.358;2.096;990;5.554;6.812;5.028;6.165;3.829;53.221
Sparkær;Arriva;975;896;1.054;975;1.021;1.016;755;1.312;1.333;1.223;1.330;1.099;12.989
Sprogøvej;Midtjyske Jernbaner;;;;;;;;;;;;;0
St. Heddinge;Lokaltog;8.191;7.506;8.093;7.347;9.237;7.946;4.606;6.508;6.130;7.670;7.881;5.753;86.868
St. Merløse;Lokaltog;1.938;1.734;1.969;1.930;1.967;2.163;2.009;2.056;2.072;2.112;1.882;1.518;23.350
Stenhus;Lokaltog;3.706;3.071;4.226;3.394;3.507;2.521;1.244;3.196;4.207;2.980;4.100;2.516;38.668
Stenlille;Lokaltog;3.157;2.856;3.649;3.556;3.561;3.200;2.885;3.584;3.346;3.042;3.274;2.751;38.861
Stenstrup;Arriva;4.329;4.616;5.747;4.881;4.687;4.766;3.836;5.421;5.828;5.190;5.282;4.315;58.898
Stenstrup;DSB FR;;;;;;;;;;;;;0
Stenstrup Syd;Arriva;900;928;1.099;1.004;1.034;878;719;1.002;1.036;934;1.007;838;11.379
Stenstrup Syd;DSB FR;;;;;;;;;;;;;0
Stoholm;Arriva;3.604;3.118;3.543;3.214;3.449;3.526;2.323;3.935;4.013;3.751;3.910;3.334;41.720
Strandby;Nordjyske Jernbaner;2.701;2.554;2.897;2.703;2.747;2.919;3.215;3.465;3.162;2.866;3.064;2.559;34.852
Strande;Midtjyske Jernbaner;;;;;;;;;;;;;0
Struer;Arriva;18.952;18.330;20.059;19.747;22.077;20.136;21.305;22.390;22.203;21.675;21.663;19.950;248.487
Struer;DSB FR;5.744;5.311;5.818;5.917;6.067;5.576;3.881;4.543;6.416;6.359;6.003;5.320;66.955
Studsgård;Arriva;523;467;546;500;462;376;218;489;532;478;592;442;5.625
Stæremosen;Lokaltog;854;991;1.201;1.161;1.146;1.448;1.243;1.375;1.577;1.049;1.212;1.201;14.458
Støvring;DSB FR;3.614;3.003;3.092;3.214;3.450;2.999;2.827;3.807;3.686;3.935;3.734;3.222;40.583
Støvring;Nordjyske Jernbaner;2.873;2.625;3.024;2.493;3.210;3.404;1.952;3.090;3.508;3.315;3.959;3.212;36.665
Svebølle;DSB FR;3.828;3.444;3.829;3.811;3.716;3.355;3.124;4.142;3.972;3.750;3.470;3.007;43.448
Svejbæk;Arriva;2.613;2.403;2.917;2.476;2.843;3.125;2.403;3.606;3.212;2.907;3.345;2.773;34.623
Svendborg;Arriva;20.815;22.634;26.803;23.765;23.745;25.315;23.222;27.741;27.640;24.813;24.971;21.755;293.219
Svendborg;DSB FR;;;;;;;;;;;;;0
Svendborg Vest;Arriva;10.022;10.388;12.448;9.567;10.071;9.016;6.978;12.058;13.410;12.015;13.017;10.856;129.846
Svendborg Vest;DSB FR;;;;;;;;;;;;;0
Svenstrup (Jylland);DSB FR;1.616;1.437;1.560;1.626;1.739;1.622;1.303;1.773;1.602;1.644;1.866;1.580;19.368
Svenstrup;Nordjyske Jernbaner;2.190;1.989;2.372;1.814;2.311;2.558;1.490;2.372;2.397;2.423;2.756;2.114;26.786
Svinninge;Lokaltog;6.911;6.585;7.564;7.112;7.706;7.517;6.230;7.392;8.031;7.017;7.754;6.377;86.196
Süderlügum;Arriva;725;883;1.222;937;1.421;1.674;1.474;1.890;2.207;1.534;208;;14.175
Søborg;Lokaltog;50;53;114;61;193;45;142;69;86;38;41;101;993
Søllested;Lokaltog;4.047;3.139;4.387;3.916;4.219;4.322;3.623;3.878;4.854;4.997;4.349;3.871;49.602
Sønderborg;DSB FR;8.697;7.766;8.529;8.557;9.281;8.959;8.539;9.421;10.295;9.703;9.424;7.600;106.771
Sønderby;Nordjyske Jernbaner;;;;;;;;;;;;;0
Tarm;Arriva;3.575;3.220;3.632;3.316;3.025;1.840;2.286;3.199;3.983;3.536;3.863;3.309;38.784
Taulov;DSB FR;2.165;1.472;1.670;1.974;1.841;1.465;1.483;2.185;1.719;1.891;1.805;1.467;21.137
Teglgårdsvej;Nordjyske Jernbaner;524;499;648;535;675;682;666;684;1.018;756;765;524;7.976
Thisted;Arriva;4.602;4.500;5.208;5.028;4.713;4.638;4.352;5.344;5.211;4.658;5.175;4.453;57.882
Thisted;DSB FR;;;;;;;;;;;;;0
Thyborøn Kirke;Midtjyske Jernbaner;;;;;;;;;;;;;0
Thyborøn st.;Midtjyske Jernbaner;;;;;;;;;;;;;0
Thyregod;Arriva;1.729;1.492;1.931;1.560;1.852;1.650;889;1.567;1.712;1.765;1.867;1.402;19.416
Thyregod;DSB FR;1.256;1.163;1.414;1.238;1.271;938;343;876;1.305;1.281;1.269;1.108;13.462
Tim;Arriva;;;;;;;;;;;;;0
Tinglev;DSB FR;3.698;2.964;3.229;3.655;3.762;3.730;3.969;4.011;4.190;3.933;3.653;3.448;44.242
Tistrup;Arriva;1.812;1.640;1.859;1.698;1.936;1.361;1.372;1.911;2.439;2.188;2.329;1.779;22.324
Tisvildeleje;Lokaltog;2.712;2.811;3.171;4.839;6.026;9.293;14.916;6.342;5.461;3.488;3.322;2.836;65.217
Tjæreborg;Arriva;2.779;2.469;2.892;2.632;2.939;2.882;1.868;3.192;3.017;2.630;3.189;2.721;33.210
Tokkerup;Lokaltog;331;363;299;200;275;253;166;233;513;246;252;196;3.327
Tolne;DSB FR;;;;;;;;;;;;;0
Tolne;Nordjyske Jernbaner;1.161;974;1.169;1.147;1.213;1.244;1.076;1.413;1.465;1.406;1.526;1.111;14.905
Tommerup;DSB FR;5.940;5.523;5.864;6.025;6.148;5.149;4.486;7.368;6.669;7.543;5.975;5.328;72.018
Tornby;Nordjyske Jernbaner;2.474;2.140;2.657;2.097;2.501;2.554;1.854;2.691;3.018;2.260;2.606;1.818;28.670
Trekroner;DSB FR;65.595;63.793;71.472;60.570;75.198;82.961;62.247;77.311;85.094;84.091;83.761;70.120;882.213
Troldebakkerne;Lokaltog;316;352;417;513;628;641;731;662;842;431;647;333;6.513
Troldhede;Arriva;1.127;1.029;1.173;976;850;818;673;1.067;1.210;1.111;1.135;938;12.107
Tureby;DSB FR;2.509;2.579;2.760;2.816;3.766;4.163;3.429;3.889;4.481;4.067;3.826;3.358;41.643
Tølløse;DSB FR;30.733;24.792;24.432;28.271;27.146;21.652;21.443;30.495;27.299;31.730;26.687;22.124;316.804
Tølløse;Lokaltog;8.255;7.547;8.782;7.320;8.765;7.441;7.018;8.178;7.692;7.643;8.074;7.525;94.240
Tønder;Arriva;2.242;2.060;2.557;2.206;4.259;5.367;4.675;8.387;6.200;5.408;3.561;2.919;49.841
Tønder Nord;Arriva;3.402;2.643;3.456;2.428;3.092;2.892;1.555;3.443;4.380;3.613;4.297;3.047;38.248
Tårnby;DSB FR;3.973;3.754;4.171;3.724;4.490;4.829;3.793;4.991;5.097;4.878;4.771;4.052;52.523
Udland via Helsingør-Helsingborg overfart;DSB FR;13.195;14.026;16.901;26.569;29.377;35.418;39.582;28.374;20.436;18.210;18.909;22.160;283.157
Udland via Padborg grænse;DSB FR;32.018;20.562;10.604;38.756;38.703;76.017;86.481;92.414;46.338;43.294;33.849;42.862;561.898
Udland via Øresundsforbindelsen;DSB FR;0;0;0;0;0;;;0;0;0;0;0;0
Uglev;Arriva;346;314;443;378;446;323;265;409;424;329;449;343;4.469
Uglev;DSB FR;;;;;;;;;;;;;0
Ukendt;Arriva;;;;;;;;;;;;;0
Ukendt;DSB FR;33.921;29.256;31.803;32.686;29.808;22.401;22.590;35.461;36.798;39.921;32.753;35.902;383.300
Ulfborg;Arriva;;;;;;;;;;;;;0
Ulstrup;Arriva;2.859;2.642;3.250;2.802;3.132;3.244;1.825;2.988;3.391;3.004;3.333;3.137;35.607
Uphusum;Arriva;58;57;122;100;190;267;167;261;365;260;45;;1.892
Valby;DSB FR;121.782;111.996;122.588;115.055;124.647;120.580;99.131;137.205;143.287;147.182;140.578;117.640;1.501.671
Vallø;Lokaltog;795;812;773;708;950;711;527;633;1.361;942;687;550;9.449
Vamdrup;DSB FR;3.288;3.163;3.562;3.452;3.616;3.281;2.827;4.679;4.058;4.108;3.905;3.454;43.393
Varde;Arriva;10.957;10.284;11.794;10.808;11.843;9.536;10.035;12.368;13.131;11.532;11.749;11.029;135.066
Varde Kaserne;Arriva;1.147;1.145;1.504;1.122;1.411;980;688;1.630;1.828;1.434;1.783;1.100;15.772
Varde Nord;Arriva;1.791;1.458;2.081;1.463;1.597;734;560;1.833;2.339;1.938;2.267;1.570;19.631
Varde Vest;Arriva;1.618;1.484;1.923;1.539;1.613;1.253;1.028;1.613;1.879;1.742;1.860;1.418;18.970
Varpelev;Lokaltog;516;474;518;515;499;368;351;454;466;293;492;297;5.243
Vedbæk;DSB FR;13.968;12.929;15.077;14.735;16.503;16.443;14.122;16.992;17.367;16.033;15.517;13.285;182.971
Vedde;Lokaltog;596;453;655;530;727;643;556;663;593;645;721;708;7.490
Vejby;Lokaltog;6.171;4.754;5.690;6.858;7.368;7.720;9.582;7.637;6.504;6.919;7.067;7.176;83.446
Vejen;DSB FR;16.620;14.052;14.350;16.049;15.292;12.492;13.227;18.354;15.769;17.057;15.319;13.258;181.839
Vejle;Arriva;15.855;16.309;17.775;16.589;18.752;16.350;17.286;18.566;17.687;18.305;18.191;16.203;207.868
Vejle;DSB FR;99.654;86.221;89.165;97.274;95.856;89.644;88.695;118.513;91.644;105.652;94.226;80.314;1.136.858
Vejle Sygehus;Arriva;1.433;1.186;1.610;1.402;1.906;1.549;1.201;1.463;1.661;1.481;1.568;1.257;17.717
Vejle Sygehus;DSB FR;257;204;252;208;240;207;125;282;222;238;270;229;2.734
Vellingshøj;Nordjyske Jernbaner;582;563;772;617;717;669;461;525;657;464;630;420;7.077
Vemb;Arriva;;;;;;;;;;;;;0
Vemb;Midtjyske Jernbaner;;;;;;;;;;;;;0
Vibehus;Lokaltog;8.045;6.326;7.149;6.714;8.830;7.636;6.029;9.268;7.329;8.096;7.886;6.840;90.148
Viborg;Arriva;26.191;24.634;29.277;25.848;27.228;26.702;18.916;28.354;30.634;29.703;30.840;25.817;324.144
Viby Jylland;Arriva;5.322;5.729;6.995;5.218;6.214;5.913;3.780;6.692;8.676;7.152;7.361;5.220;74.272
Viby Sjælland;DSB FR;14.268;13.890;16.042;13.256;16.535;18.679;14.015;17.329;18.894;18.438;18.650;15.808;195.804
Victoria Street Station;Midtjyske Jernbaner;;;;;;;;;;;;;0
Vidstrup;Nordjyske Jernbaner;419;425;412;348;439;449;353;403;452;339;449;361;4.849
Vig;Lokaltog;5.017;4.679;5.919;5.773;6.887;6.492;8.527;6.791;6.869;5.479;6.676;4.768;73.877
Vildbjerg;Arriva;4.752;4.586;5.452;4.643;5.120;4.601;3.271;6.027;5.257;5.182;5.740;4.379;59.010
Vildbjerg;DSB FR;1.406;1.555;1.673;1.533;1.510;1.261;590;816;1.948;1.883;1.723;1.677;17.575
Vinderup;Arriva;1.836;1.677;2.105;2.028;2.229;2.113;1.823;2.233;2.527;2.282;2.407;2.245;25.505
Vipperød;DSB FR;7.212;5.839;6.632;6.893;6.506;5.994;5.396;7.487;7.526;7.924;7.541;5.827;80.777
Visby;Arriva;583;416;674;507;686;573;348;631;619;537;540;451;6.565
Vojens;DSB FR;6.959;6.192;5.846;6.347;6.337;5.613;5.688;6.852;7.150;7.687;6.828;5.901;77.400
Vordingborg;DSB FR;30.794;28.553;28.552;31.728;31.761;27.624;29.669;35.492;33.613;32.767;31.522;26.942;369.017
Vrist;Midtjyske Jernbaner;;;;;;;;;;;;;0
Vrøgum;Arriva;274;261;324;275;304;287;232;465;389;334;312;267;3.724
Vrå;DSB FR;;;;;;;;;;;;;0
Vrå;Nordjyske Jernbaner;8.743;7.825;9.889;8.236;9.134;8.428;7.759;9.283;10.020;8.818;10.056;8.031;106.222
Ydby;Arriva;338;291;400;321;401;279;302;423;421;347;364;311;4.198
Ydby;DSB FR;;;;;;;;;;;;;0
Ystad;DSB FR;0;0;0;0;0;0;0;0;0;0;0;0;0
Ølby;DSB FR;;;;9.833;11.886;11.740;9.889;12.134;12.708;13.102;12.642;10.443;104.377
Ølby;Lokaltog;11.906;10.525;13.023;10.213;11.646;10.414;5.666;8.497;9.680;11.098;11.130;6.941;120.739
Ølgod;Arriva;3.807;3.323;4.004;3.621;3.887;2.595;2.231;3.400;4.371;3.777;4.091;3.272;42.379
Ølsted;Lokaltog;7.581;5.056;7.232;5.659;7.394;6.731;5.751;7.068;7.346;7.125;7.749;6.152;80.844
Ørby;Lokaltog;500;417;302;483;603;757;666;506;452;438;420;699;6.243
Ørestad;DSB FR;15.123;14.199;16.041;15.206;15.909;15.658;12.677;17.181;18.330;18.897;17.466;13.536;190.223
Øresundsbroen;DSB FR;;;;;;;;;;;;;0
Ørholm;Lokaltog;3.262;2.862;3.476;3.339;3.536;3.159;2.529;3.194;3.349;3.010;3.488;3.302;38.506
Øster Toreby;Lokaltog;1.672;1.399;1.887;1.598;1.724;1.675;1.464;1.986;1.265;1.288;1.247;1.271;18.476
Østerbjerg;Lokaltog;1.531;800;1.054;1.110;1.733;1.215;926;869;810;720;777;601;12.146
Østerport;DSB FR;162.050;153.841;174.042;162.699;188.323;190.937;159.364;194.223;202.757;195.987;191.737;161.000;2.136.960
Aalborg;DSB FR;76.587;66.979;74.638;77.389;82.231;75.891;77.796;87.889;84.167;83.471;76.371;69.344;932.753
Aalborg;Nordjyske Jernbaner;39.704;39.524;44.714;43.232;49.475;44.115;44.262;49.654;51.345;43.043;47.105;42.902;539.075
Aalborg Havn;DSB FR;;;;;;;;;;;;;0
Aalborg Lufthavn;DSB FR;308;250;290;314;333;345;375;407;385;402;367;290;4.066
Aalborg Lufthavn;Nordjyske Jernbaner;744;609;826;756;1.003;1.119;1.072;1.137;1.152;1.078;898;806;11.200
Aalborg Vestby;DSB FR;2.698;2.357;2.594;2.537;2.701;2.749;2.501;2.955;2.812;2.585;2.664;2.586;31.739
Aalborg Vestby;Nordjyske Jernbaner;10.914;10.085;12.452;11.541;12.894;12.058;9.475;12.308;13.584;11.426;12.744;11.162;140.643
Ålbæk;Nordjyske Jernbaner;3.226;3.372;3.744;4.083;4.453;4.900;6.064;5.402;4.541;4.221;4.228;3.353;51.587
Ålsgårde;Lokaltog;6.389;5.934;6.839;6.972;7.417;8.375;6.753;7.153;7.071;6.720;6.810;6.311;82.744
Aarhus H;Arriva;65.266;65.642;73.056;71.199;76.999;78.654;66.116;81.513;88.828;80.212;82.997;75.549;906.031
Aarhus H;DSB FR;209.066;174.898;185.292;187.649;187.958;174.071;168.510;214.197;196.804;221.546;203.145;169.468;2.292.604
Årslev;Arriva;6.305;6.139;7.116;6.057;6.419;7.112;4.483;6.850;7.442;6.620;7.243;5.986;77.772
Årslev;DSB FR;;;;;;;;;;;;;0
Aarup;DSB FR;4.725;4.655;4.533;4.686;4.558;4.190;3.014;5.494;4.955;5.103;4.814;4.212;54.939